{
    "dataset_name": "unsw_nb15",
    "model_type": "baseline_lstm",
    "accuracy": 0.934000827900238,
    "precision": 0.9494015013187259,
    "recall": 0.9472107521658165,
    "f1_score": 0.9483048614910734,
    "confusion_matrix": [
        [
            12703,
            1247
        ],
        [
            1304,
            23398
        ]
    ],
    "roc_auc": 0.9872826877744726
}