{
    "dataset_name": "cicdarknet2020",
    "model_type": "baseline_lstm",
    "accuracy": 0.9571400866248626,
    "precision": 0.9570449094389908,
    "recall": 0.9571400866248626,
    "f1_score": 0.9570304464477175,
    "confusion_matrix": [
        [
            9680,
            27,
            0,
            14
        ],
        [
            35,
            2708,
            7,
            283
        ],
        [
            1,
            28,
            147,
            1
        ],
        [
            41,
            225,
            1,
            2271
        ]
    ]
}