{
    "dataset_name": "cicdarknet2020",
    "model_type": "transformer_lstm",
    "accuracy": 0.9605016484582067,
    "precision": 0.9605576831756107,
    "recall": 0.9605016484582067,
    "f1_score": 0.9604277390405335,
    "confusion_matrix": [
        [
            9689,
            19,
            0,
            13
        ],
        [
            30,
            2781,
            5,
            217
        ],
        [
            1,
            26,
            148,
            2
        ],
        [
            15,
            282,
            1,
            2240
        ]
    ]
}